device_id,android_version,size_mb
1,4.0.3,19.0
2,4.0.3,14.0
3,4.0.3,8.7
4,4.2,25.0
5,4.4,2.8
6,2.3,5.6
7,4.2,29.0
8,3.0,33.0
9,4.0.3,3.1
10,4.1,28.0
11,4.0,12.0
12,4.1,20.0
13,4.4,21.0
14,2.3,37.0
15,4.2,2.7
16,4.1,5.5
17,2.3,17.0
18,4.0.3,39.0
19,4.1,31.0
20,4.1,14.0
21,4.0.3,12.0
22,4.0.3,4.2
23,4.1,7.0
24,4.1,23.0
25,3.0,6.0
26,4.0.3,25.0
27,4.0.3,6.1
28,2.3,4.6
29,2.3,4.2
30,4.0.3,9.2
31,2.3,5.2
32,4.0,11.0
33,4.1,11.0
34,4.1,4.2
35,4.1,9.2
36,4.4,24.0
37,4.0.3,11.0
38,4.0,9.4
39,4.0.3,15.0
40,4.0.3,10.0
41,4.1,1.2
42,4.1,12.0
43,4.1,24.0
44,4.1,26.0
45,4.1,8.0
46,2.3,7.9
47,4.1,56.0
48,4.1,57.0
49,4.1,35.0
50,4.1,33.0
51,4.0,33.0
52,4.4,5.6
53,4.1,54.0
54,2.2,201.0
55,4.4,3.6
56,4.0.3,5.7
57,4.2,17.0
58,4.1,8.6
59,4.0,2.4
60,4.2,27.0
61,4.4,2.7
62,2.3,2.5
63,4.0.3,7.0
64,4.0.3,35.0
65,4.2,16.0
66,5.0,16.0
67,4.0,17.0
68,4.0,3.4
69,4.1,8.9
70,4.0,3.9
71,4.1,2.9
72,4.1,38.0
73,6.0,32.0
74,4.2,37.0
75,5.0,15.0
76,4.0.3,5.4
77,4.4,18.0
78,2.3,38.0
79,4.0.3,1.1
80,4.1,7.9
81,4.0.3,17.0
82,4.0,14.0
83,4.0.3,2.2
84,4.0,4.5
85,5.0,17.0
86,4.1,9.8
87,4.0.3,21.0
88,4.1,52.0
89,4.0,25.0
90,4.2,9.0
91,4.0,35.0
92,4.0,6.7
93,4.0.3,30.0
94,3.0,5.7
95,4.0.3,2.9
96,4.0,2.6
97,4.0,7.1
98,5.0,57.0
99,4.1,3.7
100,4.0.3,22.0
101,4.0,24.0
102,4.1,7.4
103,4.1,21.0
104,2.3,2.9
105,3.0,3.1
106,4.0.3,6.4
107,4.0.3,3.2
108,1.6,8.2
109,3.0,9.9
110,4.0,23.0
111,4.0.3,4.6
112,4.4,4.9
113,4.0,9.5
114,4.0,5.4
115,4.0,2.8
116,4.0.3,5.0
117,2.3,5.9
118,4.0.3,13.0
119,4.1,7.1
120,4.0.3,6.7
121,4.1,17.0
122,4.1,19.0
123,2.3,6.7
124,2.3,2.7
125,4.0,37.0
126,4.0,15.0
127,3.0,23.0
128,4.0.3,73.0
129,2.1,4.9
130,4.4,6.8
131,4.0,2.9
132,4.0.3,3.5
133,4.0.3,4.0
134,3.0,21.0
135,3.0,2.3
136,6.0,7.2
137,4.0,10.0
138,4.2,6.1
139,4.0.3,2.1
140,2.2,42.0
141,5.1,7.3
142,4.2,30.0
143,5.0,29.0
144,4.0.3,9.1
145,5.0,25.0
146,4.1,3.9
147,4.1,18.0
148,1.5,21.0
149,4.1,55.0
150,4.0,3.2
151,2.2,23.0
152,4.1,16.0
153,4.1,25.0
154,4.2,7.3
155,4.0,6.5
156,2.2,1.5
157,4.0.3,7.5
158,7.0,8.6
159,6.0,1.2
160,3.0,39.0
161,4.0,6.8
162,4.0.3,20.0
163,4.2,26.0
164,5.0,51.0
165,4.1,41.0
166,5.0,12.0
167,4.0.3,48.0
168,5.0,10.0
169,4.4,22.0
170,4.1,8.5
171,4.3,28.0
172,5.0,9.0
173,4.4,46.0
174,4.0,26.0
175,5.0,23.0
176,4.1,4.9
177,4.1,27.0
178,4.0.3,32.0
179,4.4,12.0
180,4.1,15.0
181,5.0,28.0
182,4.0,2.2
183,2.3,3.4
184,4.0.3,8.3
185,4.2,4.3
186,4.0.3,4.7
187,4.0.3,7.1
188,4.1,6.1
189,4.2,15.0
190,4.4,11.0
191,4.4,29.0
192,4.0,3.3
193,4.2,22.0
194,4.1,40.0
195,4.1,10.0
196,5.0,9.1
197,4.0.3,37.0
198,4.0.3,7.8
199,4.0,5.7
200,4.4,35.0
201,4.4,8.8
202,4.4,16.0
203,4.0.3 - 7.1.1,6.6
204,4.1,5.1
205,5.0,4.0
206,5.0,37.0
207,4.0,40.0
208,4.3,61.0
209,4.4,66.0
210,4.0.3,79.0
211,2.3,8.3
212,4.0.3,8.2
213,4.0.3,8.4
214,4.0,32.0
215,4.0,6.1
216,2.3,2.8
217,4.0,4.3
218,4.0,4.7
219,4.0,2.3
220,2.1,2.7
221,4.0,13.0
222,4.0,3.7
223,5.0,13.0
224,4.0,8.8
225,2.1,5.5
226,4.1,29.0
227,2.3,118.0
228,4.0.3,5.1
229,4.1,44.0
230,4.1,7.3
231,5.0,30.0
232,2.0,695.0
233,2.2,1.6
234,4.0,19.0
235,2.3.3,23.0
236,4.0.3,26.0
237,4.0,6.2
238,4.0,20.0
239,4.0,18.0
240,4.0.3,1.2
241,4.4,40.0
242,4.1,53.0
243,4.0,3.1
244,4.4,5.0
245,4.2,21.0
246,4.4,27.0
247,4.1,6.2
248,4.2,8.0
249,4.0.3,5.9
250,4.0.3,7.9
251,4.0,1.4
252,4.1,13.0
253,4.0.3,40.0
254,5.0,19.0
255,5.0,3.0
256,4.0,7.2
257,4.1,5.7
258,4.0.3,5.5
259,4.0.3,6.5
260,4.2,5.8
261,4.1,3.8
262,4.0.3,41.0
263,5.0,2.8
264,4.1,9.6
265,4.4,9.4
266,5.0,45.0
267,4.2,38.0
268,4.3,32.0
269,4.0.3,63.0
270,4.0.3,16.0
271,4.1,9.0
272,4.2,20.0
273,4.0.3,49.0
274,4.2,18.0
275,4.0.3,8.8
276,4.2,19.0
277,4.1,77.0
278,4.4,14.0
279,4.3,38.0
280,4.0.3,3.4
281,4.0.3,4.9
282,4.4,3.9
283,4.0.3,4.4
284,4.0,4.8
285,4.0.3,4.5
286,4.4,70.0
287,4.0,3.6
288,4.0.3,6.9
289,3.0,8.0
290,4.0.3,9.3
291,4.4,10.0
292,4.0.3,3.6
293,4.0,5.0
294,3.0,3.8
295,4.2,10.0
296,4.1,3.3
297,4.0,3.5
298,4.0.3,9.0
299,4.0.3,8.1
300,4.0.3,3.7
301,4.4,36.0
302,4.0,39.0
303,4.0,27.0
304,4.1,37.0
305,4.0,41.0
306,4.0,49.0
307,4.0,8.1
308,2.3,51.0
309,5.0,18.0
310,1.6,3.0
311,4.4,19.0
312,2.3,6.9
313,4.2,7.4
314,4.4,84.0
315,2.3,25.0
316,4.1,97.0
317,4.0,2.0
318,2.3,1.9
319,2.3,1.8
320,4.0,5.3
321,4.4,48.0
322,4.1,5.4
323,4.4,47.0
324,2.2,556.0
325,2.3.3,29.0
326,2.1,2.3
327,2.3.3,4.4
328,4.0,6.6
329,2.1,526.0
330,4.0,29.0
331,5.0,76.0
332,4.1,6.9
333,4.1,6.5
334,4.0,7.0
335,5.0,21.0
336,2.3,2.6
337,4.0,5.2
338,2.3,18.0
339,2.3,15.0
340,4.0,1.2
341,4.0.3,18.0
342,3.2,1.8
343,4.4,7.6
344,4.1,59.0
345,3.0,6.9
346,4.0,7.3
347,4.0.3,7.6
348,5.0,4.6
349,4.2,3.3
350,2.3.3,5.6
351,4.0.3,9.7
352,4.2,4.5
353,4.1,49.0
354,4.3,78.0
355,4.2,9.1
356,5.0,39.0
357,6.0,8.5
358,5.0,72.0
359,4.4,23.0
360,4.4,20.0
361,4.4,25.0
362,4.4,17.0
363,4.4,13.0
364,4.4,15.0
365,5.0,7.2
366,4.1,32.0
367,4.4,44.0
368,4.3,57.0
369,4.2,44.0
370,6.0,20.0
371,5.0,43.0
372,2.3.3,7.7
373,2.3,44.0
374,4.0.3,77.0
375,4.0.3,9.5
376,4.1,6.3
377,4.1,5.9
378,5.0,26.0
379,4.2,8.7
380,4.0,16.0
381,5.0,53.0
382,4.2,14.0
383,4.0,334.0
384,5.0,24.0
385,4.2,13.0
386,2.3.3,2.8
387,4.4W,9.7
388,2.3.3,3.5
389,4.4,61.0
390,4.1,6.0
391,2.0,2.3
392,3.0,27.0
393,4.2,3.6
394,4.0,4.4
395,4.0.3,27.0
396,4.3,6.1
397,4.1,34.0
398,4.2,3.8
399,5.0,42.0
400,4.0.3,70.0
401,4.2,32.0
402,4.1,93.0
403,4.2,40.0
404,4.0.3,28.0
405,4.2,42.0
406,4.4,65.0
407,4.1,39.0
408,5.0,79.0
409,4.0,100.0
410,4.1,46.0
411,4.0,9.8
412,4.4,8.2
413,4.4W,44.0
414,5.0,5.0
415,4.1,22.0
416,4.0,7.4
417,5.0,22.0
418,4.4,38.0
419,4.2,46.0
420,4.0,3.8
421,4.4,9.3
422,4.4,8.4
423,4.4,28.0
424,5.0,9.7
425,4.0.3,7.4
426,6.0,19.0
427,2.3.3,3.6
428,4.4,58.0
429,2.1,1.4
430,4.0,9.1
431,5.0,11.0
432,4.4,45.0
433,4.4,50.0
434,4.0.3,50.0
435,4.2,24.0
436,5.0,33.0
437,4.4,53.0
438,5.0,14.0
439,4.1,68.0
440,5.0,32.0
441,4.4,42.0
442,2.3,12.0
443,4.0.3,8.9
444,4.0.3,64.0
445,4.2,41.0
446,5.0,35.0
447,5.0,36.0
448,4.4,43.0
449,4.4,41.0
450,4.1,43.0
451,4.4,30.0
452,5.1,15.0
453,2.3.3,9.0
454,4.2,8.2
455,4.1,30.0
456,5.0,34.0
457,4.4,2.2
458,4.2,11.0
459,4.4,7.5
460,4.1,9.4
461,5.0,55.0
462,4.1,8.8
463,4.1,4.0
464,3.0,5.5
465,4.1,58.0
466,2.3,1.5
467,2.3.3,6.5
468,5.0,67.0
469,5.0,93.0
470,4.4,60.0
471,5.0,54.0
472,4.0.3,78.0
473,4.0.3,43.0
474,2.3.3,39.0
475,4.0,4.2
476,4.0.3,44.0
477,2.3.3,45.0
478,4.3,29.0
479,4.2,12.0
480,2.3.3,31.0
481,4.2,39.0
482,4.1,94.0
483,4.3,22.0
484,4.4,7.2
485,4.4,32.0
486,2.3.3,3.8
487,4.0.3,57.0
488,5.0,5.5
489,4.4,51.0
490,4.0.3,9.4
491,4.0,4.0
492,2.3,3.6
493,4.0.3,9.9
494,4.4,37.0
495,4.4,73.0
496,4.0.3,23.0
497,4.0,8.4
498,4.4,34.0
499,5.0,7.5
500,4.0.3,7.7
501,2.3,8.7
502,4.0,8.6
503,4.1,8.3
504,4.0,7.9
505,5.0,5.1
506,4.0.3,2.6
507,4.0,1.9
508,4.3,4.2
509,4.0,7.8
510,3.0,5.9
511,3.0,7.6
512,3.0,5.8
513,3.0,5.3
514,2.3.3,1.8
515,2.3,4.3
516,2.2,232.0
517,4.0.3,99.0
518,2.2,624.0
519,4.0,6.9
520,2.2,6.4
521,2.3,16.0
522,4.0.3,95.0
523,7.1,8.5
524,2.3,20.0
525,4.1,50.0
526,4.0.3,2.5
527,2.3,2.1
528,1.5,41.0
529,1.6,292.0
530,4.2,5.5
531,1.6,2.5
532,4.1,8.1
533,2.3,24.0
534,1.5,11.0
535,2.3,13.0
536,2.3,19.0
537,2.3,21.0
538,3.2,9.4
539,2.3,2.4
540,4.0,36.0
541,4.4,55.0
542,2.3,5.1
543,4.0,80.0
544,2.3,5.0
545,4.0.3,55.0
546,7.0 - 7.1.1,7.1
547,2.3,3.2
548,4.1,4.4
549,7.0,16.0
550,2.3.3,6.3
551,4.1,36.0
552,2.3,3.0
553,2.3,1.4
554,4.0.3,1.7
555,4.0,2.7
556,4.1,76.0
557,4.3,12.0
558,4.2,6.2
559,4.3,6.8
560,4.0.3,24.0
561,5.0,44.0
562,4.4,9.7
563,2.2,4.6
564,2.3,10.0
565,4.2,23.0
566,2.2,7.7
567,4.0,3.0
568,4.0,7.5
569,4.1,67.0
570,4.1,74.0
571,4.0.3,46.0
572,4.0,62.0
573,2.3,7.8
574,4.1,69.0
575,4.1,75.0
576,2.3,50.0
577,4.1,98.0
578,2.3.3,4.9
579,4.0.3,52.0
580,3.0,78.0
581,3.0,3.9
582,4.0,59.0
583,4.0.3,38.0
584,4.1,85.0
585,4.0,78.0
586,4.2,63.0
587,4.0.3,69.0
588,2.3,70.0
589,4.0,63.0
590,4.1,99.0
591,4.0.3,82.0
592,4.4,96.0
593,4.4,99.0
594,4.1,87.0
595,4.0.3,53.0
596,4.0.3,72.0
597,4.1,78.0
598,4.3,25.0
599,4.4,74.0
600,4.0.3,60.0
601,4.1,100.0
602,4.4,85.0
603,4.0,52.0
604,4.1,71.0
605,4.1,73.0
606,4.1,62.0
607,4.1,95.0
608,4.3,36.0
609,5.0,98.0
610,4.0.3,100.0
611,5.0,86.0
612,4.1,80.0
613,4.4,91.0
614,5.0,63.0
615,6.0,48.0
616,4.2,82.0
617,4.1,91.0
618,6.0,52.0
619,4.0,56.0
620,2.3,56.0
621,4.1,81.0
622,4.3,82.0
623,4.0.3,98.0
624,4.0.3,96.0
625,4.3,96.0
626,4.4,63.0
627,2.3,84.0
628,2.3.3,46.0
629,4.4,33.0
630,4.0.3,31.0
631,4.0.3,92.0
632,4.0.3,93.0
633,4.1,64.0
634,6.0,97.0
635,4.0.3,83.0
636,2.3,99.0
637,4.0,55.0
638,2.3,14.0
639,4.0.3,81.0
640,4.0.3,94.0
641,4.0.3,29.0
642,5.0,60.0
643,4.1,70.0
644,2.3.3,99.0
645,3.0,88.0
646,3.0,82.0
647,2.3,23.0
648,3.0,54.0
649,2.3,48.0
650,2.3.3,66.0
651,4.1,61.0
652,5.0,38.0
653,4.1,66.0
654,4.0,95.0
655,4.2,66.0
656,4.0.3,75.0
657,4.4,77.0
658,4.0,51.0
659,4.1,96.0
660,2.3.3,38.0
661,4.0.3,51.0
662,2.3,8.9
663,4.0.3,33.0
664,4.0,48.0
665,4.0.3,9.6
666,2.3.3,51.0
667,5.0,81.0
668,4.4,79.0
669,4.2,94.0
670,4.0.3,45.0
671,4.4,26.0
672,5.0,56.0
673,4.1,63.0
674,4.1,83.0
675,4.1,60.0
676,4.1,82.0
677,4.2,48.0
678,4.2,69.0
679,4.0.3,54.0
680,4.3,44.0
681,4.0.3,91.0
682,2.3.3,97.0
683,4.0,53.0
684,4.4,83.0
685,2.3.3,78.0
686,4.0,60.0
687,4.0.3,58.0
688,2.3,36.0
689,2.3,9.8
690,5.1,37.0
691,4.1,84.0
692,4.0,92.0
693,2.3,11.0
694,3.0,1.6
695,4.1,47.0
696,4.4,75.0
697,2.3,5.7
698,5.1,42.0
699,2.3.3,47.0
700,4.1,72.0
701,4.0.3,97.0
702,2.2,37.0
703,4.4,92.0
704,4.3,48.0
705,6.0,61.0
706,4.0,64.0
707,4.3,23.0
708,2.2,704.0
709,2.2,25.0
710,6.0,21.0
711,5.0,5.4
712,4.0.3,42.0
713,4.4W,1.8
714,4.0.3,3.8
715,4.1,5.8
716,4.0.3,862.0
717,2.1,899.0
718,3.0,6.5
719,3.0,48.0
720,3.0,378.0
721,4.1,4.8
722,2.1,266.0
723,1.6,375.0
724,4.0.3,62.0
725,3.0,1.2
726,2.3.3,2.6
727,4.1,4.6
728,4.2,53.0
729,4.0.3,5.3
730,2.3.3,14.0
731,2.1,8.4
732,2.2,41.0
733,2.3.3,3.4
734,4.0,68.0
735,3.2,2.6
736,4.3,9.8
737,5.1,34.0
738,4.3,13.0
739,6.0,69.0
740,4.0,22.0
741,5.0,8.5
742,4.4,7.7
743,4.4,8.9
744,4.4,72.0
745,4.0,5.9
746,4.4,5.8
747,7.0,20.0
748,4.1,6.4
749,2.2,34.0
750,7.0,21.0
751,3.0,38.0
752,4.0.3,74.0
753,4.2,6.8
754,4.1,42.0
755,4.0,1.5
756,4.1,3.2
757,5.0,7.7
758,4.1,1.3
759,4.1,3.1
760,4.1,1.8
761,3.0,15.0
762,5.0,65.0
763,4.4,3.8
764,4.4,1.5
765,4.1,2.5
766,4.1,3.6
767,5.0,83.0
768,4.0,4.6
769,4.4,4.6
770,4.4,5.7
771,5.1,18.0
772,5.0,3.5
773,4.4,6.6
774,4.1,5.6
775,4.3,20.0
776,4.4,3.3
777,8.0,7.1
778,4.0.3,34.0
779,5.0,4.3
780,3.0,43.0
781,3.0,2.0
782,3.0,4.4
783,4.3,11.0
784,2.2,975.0
785,4.0,980.0
786,4.4,6.0
787,4.0.3,2.7
788,2.3.3,4.2
789,4.1,2.8
790,4.3,3.1
791,5.0,20.0
792,4.1,5.3
793,2.3,2.3
794,4.0.3,6.0
795,4.3,17.0
796,4.3,15.0
797,2.2,5.3
798,4.3,34.0
799,4.0.3,4.1
800,4.1,89.0
801,2.3,9.3
802,2.3,8.4
803,4.2,68.0
804,5.0,50.0
805,4.4,7.0
806,4.3,56.0
807,5.0,27.0
808,4.1,9.9
809,4.4,8.1
810,4.3,7.3
811,4.0,98.0
812,4.3,18.0
813,4.0,21.0
814,4.4,57.0
815,4.4,31.0
816,4.4,7.3
817,4.4,6.5
818,2.3.3,1.1
819,4.4,56.0
820,5.0,59.0
821,4.0.3,36.0
822,4.1,9.5
823,4.2,9.7
824,4.2,7.7
825,7.0,17.0
826,5.0 - 8.0,46.0
827,2.3,4.9
828,4.0.3,2.0
829,2.3.3,6.6
830,2.3,27.0
831,4.0,30.0
832,4.0,9.9
833,3.0,16.0
834,4.1,48.0
835,4.0,5.6
836,2.3,6.1
837,2.1,1.9
838,4.2,4.0
839,5.0,47.0
840,2.2,6.9
841,4.2,43.0
842,3.1,21.0
843,2.3.3,3.9
844,4.0,9.6
845,5.1,50.0
846,4.3,9.2
847,2.3,1.6
848,4.0,46.0
849,4.3,45.0
850,4.0.3,9.8
851,4.0.3,6.2
852,4.2,6.9
853,4.1,3.0
854,4.1,88.0
855,4.1,9.3
856,5.0,84.0
857,2.3,9.9
858,4.0.3,61.0
859,5.0,52.0
860,2.3,2.2
861,4.4,95.0
862,5.1,19.0
863,5.0,82.0
864,2.3.3,8.1
865,5.0,58.0
866,4.0,7.6
867,6.0,8.3
868,5.0,46.0
869,4.0,71.0
870,4.4,62.0
871,5.0,80.0
872,4.2,50.0
873,4.0,4.1
874,4.0,8.5
875,4.1,4.1
876,4.0,28.0
877,5.0,5.9
878,8.0,4.3
879,4.2,7.5
880,7.0,3.7
881,7.0,9.1
882,5.0,7.6
883,7.0,2.5
884,8.0,4.6
885,6.0,1.3
886,4.1,2.3
887,4.1,1.9
888,4.1,2.7
889,4.4,5.3
890,3.0,4.3
891,2.3,5.3
892,4.0.3,3.3
893,5.0,2.0
894,4.1,8.2
895,6.0,1.8
896,4.4,4.1
897,2.2,696.0
898,4.2,7.9
899,3.2,4.6
900,4.0,544.0
901,2.3,3.5
902,2.2,525.0
903,4.0,2.1
904,4.4,8.7
905,4.0.3,7.2
906,5.0,9.8
907,5.0,1.1
908,4.0.3,6.8
909,5.0,920.0
910,3.2,5.9
911,4.2,1.9
912,1.6,3.9
913,4.0.3,779.0
914,2.3.3,4.0
915,2.1,5.4
916,2.1,853.0
917,4.4,6.4
918,3.0,2.1
919,4.1,3.5
920,2.1,4.1
921,4.1,9.7
922,4.1,8.4
923,2.1,5.9
924,5.0,1.3
925,5.0 - 8.0,1.6
926,4.4,49.0
927,2.3.3,1.5
928,4.3,49.0
929,2.2,1.2
930,4.1,4.3
931,4.1,4.5
932,2.3,6.5
933,4.0,9.2
934,2.2,720.0
935,2.3,713.0
936,2.3.3,4.7
937,4.0.3,1.9
938,4.2,4.1
939,4.0.3,2.8
940,4.0,8.2
941,2.2,6.2
942,4.0.3,85.0
943,4.2,95.0
944,4.2,98.0
945,4.1,1.5
946,4.1,6.6
947,4.0.3,59.0
948,4.0,4.9
949,2.3,9.1
950,4.0.3,5.8
951,4.4,4.4
952,4.1,5.2
953,4.0.3,71.0
954,4.0,9.7
955,3.0,3.2
956,2.3,9.2
957,4.4,5.4
958,4.3,27.0
959,7.0,6.1
960,7.1,64.0
961,4.0,47.0
962,4.3,50.0
963,3.0,44.0
964,4.3,14.0
965,4.4,89.0
966,4.1,6.7
967,4.0.3,6.3
968,5.0,31.0
969,4.4,8.0
970,4.0.3,8.6
971,4.1,7.5
972,2.2,3.1
973,5.0,8.8
974,5.0,6.8
975,2.3,3.7
976,4.1,3.4
977,4.2,3.2
978,4.2,78.0
979,2.3,96.0
980,4.0,74.0
981,4.4,6.3
982,4.2,70.0
983,2.1,29.0
984,3.2,26.0
985,4.0.3,47.0
986,1.5,4.1
987,5.0,94.0
988,4.0,66.0
989,4.0,81.0
990,4.2,83.0
991,5.0,96.0
992,2.0,35.0
993,2.2,8.6
994,2.3,29.0
995,2.1,13.0
996,4.4,6.7
997,3.2,64.0
998,4.3,6.0
999,2.3,26.0
1000,4.1,7.7
1001,2.1,2.5
1002,4.3,6.6
1003,6.0,35.0
1004,5.0,6.9
1005,4.0,5.8
1006,4.0.3,1.5
1007,3.0,772.0
1008,3.0,1.1
1009,4.0,1.6
1010,2.1,14.0
1011,4.0,89.0
1012,2.2,12.0
1013,2.0.1,13.0
1014,2.3,79.0
1015,4.0,42.0
1016,2.3,4.8
1017,4.2,318.0
1018,3.0,41.0
1019,2.2,6.1
1020,2.2,58.0
1021,4.2,4.9
1022,5.0,9.3
1023,3.2,23.0
1024,4.0.3,241.0
1025,5.0,9.2
1026,2.3.3,16.0
1027,2.3,31.0
1028,4.4,3.0
1029,2.3.3,37.0
1030,4.1 - 7.1.1,7.9
1031,2.3.3,25.0
1032,2.2,196.0
1033,4.0.3,2.3
1034,2.2,8.1
1035,2.3,8.8
1036,3.2,11.0
1037,2.3.3,6.1
1038,7.0,15.0
1039,4.3,5.7
1040,4.0,857.0
1041,4.0,1.3
1042,2.3,3.9
1043,2.3,87.0
1044,4.4,5.9
1045,4.0,58.0
1046,2.2,51.0
1047,7.0,1.5
1048,4.0.3,8.5
1049,2.3.3,65.0
1050,3.1,34.0
1051,4.3,3.9
1052,3.0,2.8
1053,2.3,55.0
1054,2.3.3,50.0
1055,2.3.3,43.0
1056,2.1,9.9
1057,4.1,953.0
1058,4.3,2.6
1059,4.1,7.2
1060,4.1,4.7
1061,3.2,13.0
1062,4.1,9.1
1063,4.4,98.0
1064,2.2,13.0
1065,2.3.3,2.4
1066,4.0.3,7.3
1067,6.0,33.0
1068,4.0,34.0
1069,7.0,11.0
1070,4.2,8.9
1071,4.0,44.0
1072,2.3.3,15.0
1073,2.2,2.1
1074,5.0,4.5
1075,2.3,60.0
1076,2.3.3,48.0
1077,2.2,865.0
1078,4.0.3,67.0
1079,4.3,2.4
1080,4.4,2.9
1081,4.4,6.9
1082,4.4,82.0
1083,2.3,63.0
1084,1.6,251.0
1085,2.2,4.2
1086,3.0,4.9
1087,4.4,1.2
1088,6.0,16.0
1089,2.3,59.0
1090,4.4,54.0
1091,2.3.3,34.0
1092,2.3.3,21.0
1093,4.0,45.0
1094,7.0,59.0
1095,2.3.3,13.0
1096,1.5,3.3
1097,4.1,7.6
1098,4.3,62.0
1099,2.1,930.0
1100,4.3,72.0
1101,2.3.3,40.0
1102,4.1,6.8
1103,3.0,2.9
1104,3.0,1.3
1105,2.1,540.0
1106,5.1,313.0
1107,2.1,746.0
1108,2.1,6.1
1109,2.3,22.0
1110,4.1,51.0
1111,6.0,39.0
1112,5.0,2.1
1113,7.0,19.0
1114,6.0,1.9
1115,7.0,5.2
1116,8.0,4.5
1117,4.1,1.7
1118,5.0,1.8
1119,5.0,6.3
1120,7.0,6.2
1121,7.0,4.3
1122,6.0,3.6
1123,5.0,3.7
1124,5.0,3.6
1125,5.0,2.3
1126,2.3.3,7.1
1127,3.0,19.0
1128,4.3,19.0
1129,2.3.3,2.7
1130,4.4,3.1
1131,2.3,39.0
1132,4.2,2.9
1133,4.3,60.0
1134,2.3,62.0
1135,1.5,203.0
1136,4.0,7.7
1137,4.4,64.0
1138,3.1,58.0
1139,4.3,83.0
1140,4.1,2.2
1141,2.3,7.1
1142,6.0,31.0
1143,4.1,45.0
1144,4.2,33.0
1145,7.0,37.0
1146,2.3,40.0
1147,2.3,93.0
1148,4.0.3,314.0
1149,4.4,68.0
1150,4.1,2.4
1151,5.0,7.9
1152,2.3,46.0
1153,5.0,4.9
1154,2.0.1,35.0
1155,6.0,4.5
1156,2.1,11.0
1157,2.1,26.0
1158,4.3,7.8
1159,1.6,1.9
1160,2.3,4.0
1161,2.3,196.0
1162,4.2,28.0
1163,6.0,59.0
1164,5.0,100.0
1165,2.3,42.0
1166,4.0.3,4.3
1167,2.1,3.6
1168,2.1,35.0
1169,4.4,1.8
1170,3.0,9.5
1171,2.1,2.9
1172,2.3.3,9.1
1173,5.0,2.5
1174,2.2,1.9
1175,2.3.3,79.0
1176,2.1,4.5
1177,4.4,8.3
1178,4.0,2.5
1179,4.3,6.4
1180,4.0.3,118.0
1181,2.3.3,8.0
1182,2.2,45.0
1183,3.0,17.0
1184,2.1,3.0
1185,2.3,8.5
1186,4.3,2.0
1187,1.6,50.0
1188,4.0,70.0
1189,4.0,84.0
1190,2.3.3,87.0
1191,2.2,1.4
1192,4.0.3,76.0
1193,4.0.3,80.0
1194,5.0,3.8
1195,4.0.3,56.0
1196,4.0.3,68.0
1197,4.0,96.0
1198,4.0,61.0
1199,1.6,2.2
1200,4.2,5.7
1201,5.0,88.0
1202,5.0,91.0
1203,3.0,239.0
1204,2.3,54.0
1205,2.1,8.5
1206,4.1,371.0
1207,4.0.3,5.2
1208,4.1,92.0
1209,4.1,2.0
1210,2.2,1.8
1211,2.2,1.7
1212,3.0,5.1
1213,2.2,7.9
1214,3.0,4.2
1215,4.3,3.3
1216,2.3.3,220.0
1217,3.0,3.0
1218,4.1,2.1
1219,2.2,9.7
1220,5.0,1.5
1221,2.3,730.0
1222,4.0,756.0
1223,5.0,3.2
1224,3.0,4.1
1225,4.4,1.1
1226,2.2,91.0
1227,3.2,1.7
1228,2.2,293.0
1229,2.2,17.0
1230,2.3,74.0
1231,4.1,1.1
1232,1.6,9.0
1233,4.4,59.0
1234,3.0,1.8
1235,2.3,30.0
1236,3.0,18.0
1237,2.0,12.0
1238,2.3,317.0
1239,2.1,39.0
1240,2.1,9.1
1241,6.0,13.0
1242,4.2,35.0
1243,2.1,6.7
1244,3.1,3.9
1245,2.2,7.6
1246,3.0,6.6
1247,2.3,78.0
1248,2.3.3,19.0
1249,3.0,6.4
1250,4.0.3,3.0
1251,2.1,924.0
1252,4.4,6.1
1253,2.1,902.0
1254,2.2,266.0
1255,3.2,3.9
1256,4.4,2.4
1257,2.3,6.3
1258,2.3.3,22.0
1259,5.0,2.7
1260,3.0,24.0
1261,4.4,1.7
1262,5.0,6.5
1263,5.1,3.2
1264,4.0,1.7
1265,4.4,4.2
1266,1.6,1.7
1267,4.0,8.7
1268,4.2,818.0
1269,1.5,81.0
1270,2.3,318.0
1271,4.3,86.0
1272,1.6,4.3
1273,4.4,2.3
1274,5.0,8.3
1275,4.4,7.1
1276,2.1,939.0
1277,4.3,43.0
1278,2.3,7.3
1279,2.2,50.0
1280,3.2,7.5
1281,5.0,1.7
1282,2.2,169.0
1283,4.3,3.6
1284,2.3.3,475.0
1285,4.0.3,3.9
1286,3.0,14.0
1287,2.3.3,2.9
1288,4.3,4.9
1289,2.3,43.0
1290,2.2,2.8
1291,2.3,6.2
1292,4.0,5.1
1293,4.1,8.7
1294,2.3,58.0
1295,2.3.3,18.0
1296,2.3,9.7
1297,2.2,49.0
1298,3.0,2.4
1299,2.2,6.7
1300,2.2,11.0
1301,4.0.3,1.8
1302,2.3,1.1
1303,4.4,965.0
1304,1.6,2.7
1305,4.1,1.4
1306,4.3,39.0
1307,2.3.3,8.7
1308,4.2,57.0
1309,4.4,81.0
1310,3.0,12.0
1311,4.0,69.0
1312,4.1,90.0
1313,4.0.3,88.0
1314,2.3,3.8
1315,4.4,545.0
1316,2.3,61.0
1317,3.0,2.5
1318,2.1,1.3
1319,4.3,2.5
1320,3.2,283.0
1321,4.0.3,1.6
1322,2.3,2.0
1323,3.1,41.0
1324,1.6,1.2
1325,2.0.1,655.0
1326,2.3,9.5
1327,4.1,2.6
1328,2.3.3,714.0
1329,4.4,3.2
1330,1.6,2.0
1331,4.2,55.0
1332,7.0,25.0
1333,2.3,33.0
1334,4.4,9.2
1335,4.0,43.0
1336,4.2,91.0
1337,7.0,44.0
1338,7.0,30.0
1339,7.0,5.0
1340,7.0,85.0
1341,7.0,82.0
1342,7.0,65.0
1343,7.0,43.0
1344,2.1,93.0
1345,7.0,90.0
1346,4.0,67.0
1347,7.0,32.0
1348,7.0,2.7
1349,7.0,35.0
1350,4.4,71.0
1351,4.0,872.0
1352,4.2,56.0
1353,2.3,3.1
1354,4.2,121.0
1355,5.0,70.0
1356,2.3.3,1.7
1357,2.1,19.0
1358,3.0,46.0
1359,2.3,45.0
1360,4.4,9.5
1361,3.0,51.0
1362,4.2,45.0
1363,4.4,39.0
1364,2.3.3,24.0
1365,4.2,52.0
1366,4.3,47.0
1367,5.0,6.7
1368,2.1,4.3
1369,4.0,31.0
1370,4.0,85.0
1371,5.1,3.7
1372,1.6,322.0
1373,2.2,6.3
1374,6.0,10.0
1375,4.3,3.0
1376,4.3,2.9
1377,4.3,2.7
1378,6.0,4.7
1379,4.3,8.6
1380,3.0,5.6
1381,2.2,1.0
1382,4.3,5.9
1383,2.3.3,30.0
1384,2.3.3,976.0
1385,2.2,10.0
1386,3.0,2.6
1387,2.2,172.0
1388,4.2,31.0
1389,4.4,9.0
1390,4.4,7.4
1391,3.1,2.3
1392,4.3,30.0
1393,2.3,238.0
1394,2.3,52.0
1395,2.3,4.4
1396,2.1,7.2
1397,3.0,549.0
1398,4.3,6.5
1399,4.4,4.0
1400,4.0,73.0
1401,2.2,18.0
1402,4.4,5.2
1403,5.0,1.6
1404,2.2,4.7
1405,4.4,3.7
1406,3.2,7.3
1407,4.2,3.7
1408,3.2,2.8
1409,2.1,206.0
1410,3.0,954.0
1411,2.3,9.4
1412,4.0.3,2.4
1413,2.3,35.0
1414,2.2,16.0
1415,2.2,444.0
1416,2.3,6.0
1417,2.0,4.2
1418,4.0.3,717.0
1419,2.2,4.3
1420,2.2,5.0
1421,4.4W,17.0
1422,3.2,46.0
1423,2.1,2.2
1424,2.1,2.0
1425,4.2,62.0
1426,4.2,2.6
1427,4.2,210.0
1428,2.3,609.0
1429,3.0,1.7
1430,4.2,3.9
1431,2.0,2.4
1432,2.0,308.0
1433,2.2,8.8
1434,2.1,705.0
1435,2.3.3,3.7
1436,4.0,6.3
1437,4.2,58.0
1438,4.3,9.6
1439,3.0,13.0
1440,2.3,82.0
1441,4.1,5.0
1442,2.3,83.0
1443,2.3,80.0
1444,2.2,306.0
1445,2.3,8.1
1446,4.0.3,5.6
1447,5.0,4.1
1448,3.0,5.0
1449,3.0,8.9
1450,4.2,7.8
1451,3.0,7.8
1452,3.2,6.2
1453,3.0,11.0
1454,3.0,87.0
1455,4.1,86.0
1456,4.0.3,8.0
1457,4.4,3.5
1458,2.1,1.8
1459,4.4,2.5
1460,3.2,1.1
1461,3.0,904.0
1462,4.0,1.8
1463,2.2,14.0
1464,4.3,3.8
1465,5.1,33.0
1466,3.0,201.0
1467,6.0,7.7
1468,2.0,3.5
1469,4.3,31.0
1470,2.2,473.0
1471,4.3,65.0
1472,2.3.3,17.0
1473,3.0,175.0
1474,4.3,1.8
1475,2.3.3,5.4
1476,2.3.3,33.0
1477,3.0,4.7
1478,2.3.3,5.2
1479,4.0,350.0
1480,2.2,383.0
1481,4.4,2.1
1482,4.4W,30.0
1483,4.4W,33.0
1484,3.0,454.0
1485,2.3,6.8
1486,4.0,99.0
1487,4.4,4.5
1488,2.2,3.9
1489,2.3.3,62.0
1490,2.3.3,70.0
1491,2.3.3,8.2
1492,3.0,34.0
1493,4.2,2.5
1494,1.5,421.0
1495,2.3,1.2
1496,2.3.3,7.0
1497,2.1,2.1
1498,4.0,5.5
1499,4.4W,2.9
1500,2.3,1.0
1501,2.1,1.1
1502,5.0,3.1
1503,6.0,2.5
1504,4.3,10.0
1505,2.3.3,9.9
1506,2.2,26.0
1507,4.3,2.3
1508,4.0,8.0
1509,1.5,70.0
1510,1.6,812.0
1511,1.6,442.0
1512,1.6,842.0
1513,1.6,417.0
1514,4.3,5.6
1515,1.6,412.0
1516,1.6,459.0
1517,1.6,478.0
1518,1.6,335.0
1519,1.6,782.0
1520,1.6,721.0
1521,1.6,430.0
1522,1.6,429.0
1523,1.6,192.0
1524,1.6,200.0
1525,1.6,460.0
1526,1.6,728.0
1527,1.6,496.0
1528,1.6,816.0
1529,1.6,414.0
1530,1.6,334.0
1531,1.6,506.0
1532,2.3,7.5
1533,5.0,2.2
1534,2.1,17.0
1535,8.0,25.0
1536,2.1,335.0
1537,4.3,887.0
1538,5.0,613.0
1539,4.4,1.9
1540,2.3.3,36.0
1541,7.0,6.7
1542,4.0,6.0
1543,5.0,3.4
1544,3.0,36.0
1545,4.1,243.0
1546,2.2,3.5
1547,2.2,7.5
1548,2.3,569.0
1549,2.1,5.2
1550,2.3,92.0
1551,2.0,778.0
1552,4.3,58.0
1553,2.3,683.0
1554,2.2,592.0
1555,5.0,319.0
1556,4.3,24.0
1557,2.2,186.0
1558,4.0.3,840.0
1559,2.0,647.0
1560,4.4,93.0
1561,1.5,191.0
1562,4.4,67.0
1563,2.2,842.0
1564,4.3,8.7
1565,4.0,373.0
1566,6.0,8.2
1567,1.6,437.0
1568,2.3.3,5.7
1569,1.6,1.6
1570,2.3,6.6
1571,2.2,598.0
1572,2.2,716.0
1573,4.3,46.0
1574,3.0,1.9
1575,4.4,4.3
1576,4.1,585.0
1577,3.0,2.7
1578,2.3.3,3.1
1579,1.6,982.0
1580,1.6,222.0
1581,4.0,219.0
1582,4.0.3,948.0
1583,2.2,323.0
1584,3.0,10.0
1585,2.3.3,4.3
1586,4.3,21.0
1587,3.0,20.0
1588,2.1,44.0
1589,4.2,4.8
1590,3.0,7.7
1591,5.0,5.7
1592,4.4,4.8
1593,2.2,4.4
1594,2.3,1.3
1595,4.3,8.8
1596,4.0,691.0
1597,2.2,5.1
1598,2.2,1.3
1599,4.0,511.0
1600,4.4,951.0
1601,2.1,963.0
1602,2.2,2.0
1603,7.0,4.6
1604,2.2,554.0
1605,4.2,3.0
1606,5.0,2.4
1607,4.0,9.3
1608,2.2,351.0
1609,3.0,1.4
1610,2.3,47.0
1611,4.2,49.0
1612,3.0,4.6
1613,4.4,69.0
1614,2.3.3,8.3
1615,1.6,208.0
1616,2.3.3,5.5
1617,2.2,7.0
1618,5.0,1.2
1619,4.0,323.0
1620,4.0.3,1.4
1621,3.0,1.5
1622,2.2,3.7
1623,3.2,7.4
1624,4.1,913.0
1625,4.1,7.8
1626,1.6,1.8
1627,4.3,514.0
1628,2.1,3.3
1629,7.0,36.0
1630,2.3.3,9.5
1631,2.3.3,12.0
1632,2.0.1,15.0
1633,4.4,7.8
1634,2.2,5.4
1635,2.3.3,20.0
1636,1.6,1.4
1637,1.6,551.0
1638,5.0,62.0
1639,5.0,1.9
1640,1.6,29.0
1641,2.1,103.0
1642,2.2,5.5
1643,2.3.3,11.0
1644,4.3,8.0
1645,2.3.3,7.8
1646,2.3,4.1
1647,4.0,1.1
1648,4.3,4.1
1649,5.0,66.0
1650,4.0,76.0
1651,4.2,6.5
1652,2.0,2.5
1653,4.4,9.6
1654,5.0,78.0
1655,4.2,898.0
1656,1.6,5.1
1657,3.1,172.0
1658,3.0,5.2
1659,2.0,3.3
1660,2.0,6.9
1661,2.3,7.2
1662,1.6,743.0
1663,2.0.1,6.9
1664,3.0,26.0
1665,1.6,116.0
1666,2.3.3,2.2
1667,2.1,153.0
1668,4.3,5.3
1669,5.0,6.4
1670,2.1,10.0
1671,2.2,40.0
1672,1.5,209.0
1673,4.3,3.7
1674,5.0,8.1
1675,2.0,4.9
1676,4.3,3.2
1677,2.0,353.0
1678,5.0,4.2
1679,2.3.3,58.0
1680,4.0,499.0
1681,4.0.3,1.3
1682,4.0,173.0
1683,2.3.3,2.1
1684,5.0,41.0
1685,2.2,597.0
1686,2.2,809.0
1687,4.3,8.2
1688,4.1,122.0
1689,5.0 - 6.0,11.0
1690,1.6,411.0
1691,2.3.3,2.3
1692,5.1,28.0
1693,5.1,38.0
1694,4.3,55.0
1695,2.3.3,94.0
1696,5.1,24.0
1697,4.4,88.0
1698,2.3.3,63.0
1699,4.0.3,87.0
1700,5.1,55.0
1701,2.3.3,26.0
1702,2.0,4.0
1703,1.6,400.0
1704,3.0,8.5
1705,3.0,7.0
1706,3.0,801.0
1707,4.1,787.0
1708,4.4,5.1
1709,4.1,1.6
1710,2.0,237.0
1711,2.1,3.8
1712,2.1,3.7
1713,1.6,2.1
1714,4.2,5.9
1715,3.0,3.4
1716,2.3.3,41.0
1717,2.0,50.0
1718,3.0,3.7
1719,2.3,88.0
1720,2.2,1.1
1721,2.3.3,643.0
1722,1.5,9.1
1723,2.2,3.6
1724,4.0,77.0
1725,4.0,8.9
1726,3.0,986.0
1727,4.0,8.3
1728,2.2,24.0
1729,4.2,8.4
1730,1.6,97.0
1731,4.0,88.0
1732,2.2,2.3
1733,2.2,2.6
1734,2.1,7.0
1735,2.3.3,5.0
1736,4.0.3,4.8
1737,4.2,8.3
1738,3.2,4.8
1739,3.2,4.3
1740,4.3,6.2
1741,1.6,3.5
1742,1.6,516.0
1743,2.1,837.0
1744,2.3.3,6.8
1745,2.3.3,780.0
1746,6.0,961.0
1747,2.0,9.6
1748,2.2,269.0
1749,1.6,20.0
1750,2.1,498.0
1751,2.2,600.0
1752,2.3,72.0
1753,4.3,37.0
1754,2.2,6.5
1755,2.3,94.0
1756,2.2,20.0
1757,2.2,2.5
1758,2.1,592.0
1759,2.2,19.0
1760,2.3.3,2.0
1761,2.3.3,7.5
1762,1.6,1.1
1763,3.2,4.5
1764,5.1,1.3
1765,2.2,749.0
1766,3.0,6.1
1767,2.2,4.9
1768,1.6,642.0
1769,2.2,15.0
1770,1.6,17.0
1771,1.6,9.3
1772,1.6,11.0
1773,1.6,12.0
1774,4.4,1.4
1775,2.2,881.0
1776,2.2,3.3
1777,1.6,13.0
1778,5.0,7.3
1779,2.0,72.0
1780,3.0,2.2
1781,4.0,656.0
1782,2.2,601.0
1783,2.1,221.0
1784,3.0,31.0
1785,4.0.3,228.0
1786,4.3,33.0
1787,3.0,72.0
1788,3.1,108.0
1789,2.1,3.5
1790,5.0,940.0
1791,2.2,3.0
1792,4.2,2.3
1793,4.3,9.7
1794,2.3.3,6.4
1795,1.6,3.4
1796,4.0,91.0
1797,1.5,1.3
1798,4.4W,8.7
1799,4.2,96.0
1800,2.3.3,80.0
1801,1.6,176.0
1802,1.5,33.0
1803,5.0,9.9
1804,3.2,8.0
1805,4.0.3,663.0
1806,5.0,1.4
1807,4.4,76.0
1808,5.0,2.9
1809,3.0,77.0
1810,2.1,43.0
1811,2.3,81.0
1812,3.0,35.0
1813,2.0,4.1
1814,2.3,28.0
1815,2.3.3,27.0
1816,2.3.3,942.0
1817,2.3.3,52.0
1818,2.3,34.0
1819,2.2,48.0
1820,3.0,25.0
1821,2.3,6.4
1822,4.2,2.4
1823,2.3,1.7
1824,3.0,3.3
1825,4.2,4.2
1826,4.2,5.0
1827,2.1,259.0
1828,2.2,164.0
1829,4.1,458.0
1830,2.2,245.0
1831,4.3,5.2
1832,6.0,5.7
1833,3.2,10.0
1834,2.3.3,629.0
1835,5.0,92.0
1836,2.3.3,28.0
1837,2.1,288.0
1838,3.0,775.0
1839,3.1,2.6
1840,4.4,86.0
1841,2.1,4.0
1842,1.5,201.0
1843,5.0,5.3
1844,4.3,9.4
1845,4.3,9.1
1846,5.0,3.9
1847,3.2,12.0
1848,4.2,6.3
1849,2.1,2.6
1850,2.2,2.7
1851,2.2,785.0
1852,2.1,4.7
1853,2.3,7.6
1854,4.4,4.7
1855,7.0,31.0
1856,2.0.1,45.0
1857,2.3,5.5
1858,2.3.3,8.8
1859,4.0,38.0
1860,1.5,2.3
1861,4.2,636.0
1862,1.5,1.4
1863,2.2,916.0
1864,2.2,5.8
1865,2.2,4.5
1866,2.2,9.9
1867,5.0,95.0
1868,2.2,9.5
1869,2.1,1.5
1870,4.2,1.2
1871,4.4,1.3
1872,4.0,994.0
1873,4.0.3,66.0
1874,4.3,4.3
1875,4.0,309.0
1876,4.0,485.0
1877,1.0,6.9
1878,2.3.3,9.8
1879,2.2,914.0
1880,1.6,2.8
1881,4.2,1.3
1882,4.0.3,65.0
1883,4.0,903.0
1884,3.0,4.0
1885,4.2,1.7
1886,2.2,2.9
1887,4.2,608.0
1888,2.2,9.3
1889,2.2,8.9
1890,2.2,8.5
1891,5.0,4.8
1892,2.2,2.4
1893,1.6,1.5
1894,2.3,500.0
1895,2.0,54.0
1896,2.1,4.6
1897,3.2,2.5
1898,1.5,48.0
1899,2.2,33.0
1900,6.0,17.0
1901,2.3.3,1.6
1902,2.0.1,40.0
1903,2.3,4.5
1904,4.2,9.8
1905,2.1,562.0
1906,2.3,4.7
1907,4.0,847.0
1908,2.3.3,957.0
1909,3.0,29.0
1910,3.0,57.0
1911,4.0,79.0
1912,2.2,948.0
1913,2.2,2.2
1914,2.3,688.0
1915,4.2,90.0
1916,1.0,811.0
1917,1.6,270.0
1918,4.4,7.9
1919,4.4,5.5
1920,2.1,329.0
1921,2.2 - 7.1.1,5.1
1922,2.2,523.0
1923,4.0,118.0
1924,2.2,6.0
1925,3.0,921.0
1926,2.2,7.1
1927,4.0,874.0
1928,4.0,94.0
1929,2.0,44.0
1930,3.0,42.0
1931,2.3,66.0
1932,4.0.3,981.0
1933,2.2,784.0
1934,2.3,3.3
1935,4.0,280.0
1936,4.0,65.0
1937,1.6,1.3
1938,5.1,30.0
1939,3.0,7.4
1940,4.3,1.3
1941,5.0,5.6
1942,5.0,5.8
1943,4.4W,2.6
1944,4.2,47.0
1945,2.3,49.0
1946,4.2,36.0
1947,4.0,50.0
1948,4.2,3.5
1949,5.0,73.0
1950,1.5,4.4
1951,1.6,15.0
1952,4.0,6.4
1953,2.0,6.8
1954,2.0,4.4
1955,4.0.3,90.0
1956,2.3,41.0
1957,2.3.3,518.0
1958,1.6,754.0
1959,4.0.3,892.0
1960,3.0,154.0
1961,2.1,4.8
1962,2.2,7.2
1963,4.4,52.0
1964,4.3,73.0
1965,4.3,92.0
1966,4.0.3,84.0
1967,1.6,18.0
1968,2.1,3.2
1969,2.1,3.4
1970,4.0,860.0
1971,2.0,1.7
1972,4.0,364.0
1973,4.0,387.0
1974,4.3,375.0
1975,1.6,626.0
1976,4.3,6.7
1977,4.0.3,161.0
1978,2.2,32.0
1979,4.2,879.0
1980,2.3.3,5.3
1981,2.1,12.0
1982,5.0,7.0
1983,1.6,39.0
1984,2.2,5.2
1985,4.3,1.5
1986,4.0,970.0
1987,2.1,8.7
1988,4.4,8.6
1989,5.0,8.4
1990,4.4,8.5
1991,2.1,1.0
1992,4.0,54.0
1993,2.3,95.0
1994,2.0,13.0
1995,1.6,170.0
1996,3.0,1.0
1997,1.6,141.0
1998,1.6,160.0
1999,1.6,144.0
2000,1.6,143.0
2001,2.1,190.0
2002,1.6,6.0
2003,1.6,376.0
2004,2.3,8.0
2005,2.3.3,42.0
2006,3.0,3.6
2007,2.2,6.8
2008,6.0,27.0
2009,2.1,3.1
2010,5.0 - 7.1.1,8.4
2011,5.0,61.0
2012,4.2,7.6
2013,4.3,4.6
2014,3.2,1.2
2015,4.3,4.8
2016,3.0,50.0
2017,2.1,51.0
2018,2.1,1.2
2019,2.3,228.0
2020,2.2,193.0
2021,2.2,192.0
2022,4.3,2.1
2023,6.0,473.0
2024,4.0,246.0
2025,2.3.3,1.3
2026,2.3,71.0
2027,4.2,5.1
2028,4.2,7.0
2029,4.2,1.5
2030,4.2,2.8
2031,4.3,79.0
2032,5.0,89.0
2033,1.6,73.0
2034,4.4,9.1
2035,1.6,4.2
2036,8.0,75.0
2037,4.0,9.0
2038,2.3.3,9.2
2039,3.0,658.0
2040,4.0,97.0
2041,2.3.3,7.9
2042,2.3.3,4.1
2043,6.0,12.0
2044,4.4,94.0
2045,4.0,992.0
2046,2.3.3,49.0
2047,6.0,3.5
2048,5.1,8.5
2049,1.6,253.0
2050,2.2,957.0
2051,2.3,420.0
2052,6.0,3.4
2053,4.2,72.0
2054,4.0.3,404.0
2055,2.3.3,7.6
2056,2.3.3,10.0
2057,2.1,2.4
2058,2.3.3,35.0
2059,3.2,2.4
2060,3.0,22.0
2061,2.1,470.0
2062,2.2,226.0
2063,4.2,3.4
2064,2.2,7.8
2065,7.0,34.0
2066,1.6,5.3
2067,1.6,19.0
2068,1.6,8.8
2069,1.6,7.3
2070,1.6,8.5
2071,2.3,9.0
2072,2.2,240.0
2073,1.6,7.9
2074,1.6,5.2
2075,2.2,89.0
2076,2.2,234.0
2077,2.2,257.0
2078,2.1,20.0
2079,2.1,364.0
2080,7.0,861.0
2081,5.0,5.2
2082,2.0,467.0
2083,2.1,157.0
2084,6.0,1.7
2085,3.1,29.0
2086,6.0,3.3
2087,1.6,44.0
2088,2.3.3,676.0
2089,1.6,552.0
2090,4.0,885.0
2091,6.0,2.8
2092,2.2,38.0
2093,3.0,1020.0
2094,3.0,28.0
2095,4.4W,3.9
2096,5.0,8.0
2097,1.6,2.3
2098,2.1,582.0
2099,2.2,619.0
